Number of annotations,Confidence
20,0.906797287055511
40,0.9780675128575775
60,0.9898575610587396
80,0.9961746903325519
100,0.9929640478968065
