Iteration,Loss,Annotations,Accuracy,Precision,Confidence
0.0,0.0,0.0,0.0,0.0,0.0
1.0,0.48202142119407654,5.0,0.8233455781566972,0.7889621863588173,0.7998992726498596
2.0,0.3613816499710083,10.0,0.8088711003892757,0.7014582067528861,0.7121934451675651
3.0,0.12941651046276093,15.0,0.9766160425461923,0.9567641302413854,0.9798441100487094
4.0,0.07076321542263031,20.0,0.9862656943911399,0.9773374537962795,0.9952797639155365
5.0,0.03544320538640022,25.0,0.9939963813805581,0.9949385840380224,0.8981499936636421
6.0,0.021625105291604996,30.0,0.9956686221832337,0.9992556754745069,0.997712729719394
