Iteration,Loss,Annotations,Accuracy,Precision,Confidence
0.0,0.0,0.0,0.0,0.0,0.0
1.0,0.36240318417549133,5.0,0.8908931410713307,0.9615037593984962,0.9921876677404234
2.0,0.13025373220443726,10.0,0.9502165688908383,0.9002661048896774,0.9990474259366072
3.0,0.1111418604850769,15.0,0.9533965677942869,0.9055951850200624,0.9972552324567288
4.0,0.16411396861076355,20.0,0.9461319151269258,0.8924589443620585,0.9888028663915646
5.0,0.1999070644378662,25.0,0.9411700202861999,0.8838411316648531,0.992976855693409
6.0,0.11633605509996414,30.0,0.9581939799331104,0.9147007488317099,0.9991599232053496
